{
  "targets": [
    "Aggressive (agg=0.40)",
    "Conservative (agg=0.15)",
    "Heavy Bluffer (bluff=0.30)",
    "Balanced Aggro (agg=0.35,bluff=0.20)"
  ],
  "grid_eval_count": 50,
  "bo_eval_counts": [
    18,
    18,
    18,
    18
  ],
  "grid_distances": [
    0.00019516089999999952,
    7.840000000000138e-08,
    3.1684000000000136e-06,
    0.001565512999999999
  ],
  "bo_distances": [
    2.209000000000244e-07,
    3.0276000000000674e-06,
    0.00010383609999999953,
    0.0024830764999999987
  ],
  "speedups": [
    2.7777777777777777,
    2.7777777777777777,
    2.7777777777777777,
    2.7777777777777777
  ],
  "mean_speedup": 2.7777777777777777,
  "elapsed_seconds": 150.41523599624634
}